http://sv.wikipedia.org/wiki/Gr%C3%B6na_Lund		Åkattraktioner	4	Byggnadsår	1935/1982/2011___2000___2013___1983___2008___1998___2004___2009___1988___2004___2007___1997___1917/1986-87___2008___1975___2003___1996___1968___1976/2008___2008___2010___2011___2003	1935/1982/2011___2000	-0.987608049	2
http://nl.wikipedia.org/wiki/Miss_Montreal		Discografie	1	Datum van verschijnen	2009___2009___2009___27-11-2009___18-06-2010___01-07-2011___2011___2012___26-06-2012___09-04-2013___2013	2009___27-11-2009	-0.986584959	2
http://fr.wikipedia.org/wiki/Open_de_Cincinnati		Palmarès	1	Date	1900___1901___1902___1903___1904___1905___1906___1907___1908___1909___1910___1911___1912___1913___1915___1916___1920___1927___1928___1930___1931___1932___1933___1934___1936___1937___1938___1939___1940___1941___1942___1943___1944___1945___1946___1947___1948___1949___1950___1951___1952___1953___1954___1955___1956___1957___1958___1959___1960___1961___1962___1963___1964___1965___1966___1967___1968___1969___13/07/1970___26/07/1971___31/07/1972___06/08/1973	1900___13/07/1970	-0.987608049	2
http://th.wikipedia.org/wiki/%E0%B8%AA%E0%B8%96%E0%B8%B2%E0%B8%99%E0%B8%B5%E0%B8%A3%E0%B8%96%E0%B9%84%E0%B8%9F%E0%B8%9A%E0%B8%B2%E0%B8%87%E0%B8%8B%E0%B8%B7%E0%B9%88%E0%B8%AD		กำหนดเวลาเดินรถ	2	ชุมทางบางซื่อ | ชื่อสถานี	16:50___19.05___13:00___19:05___18:40___12:40___14:55___18:30___16.00___15:00___17.00___04:50___19:30___19:15___17.30___12:10___11:30___05:05___05:05___05.00___14:10___08:00___08:45___05.30___06.05___05:18___07.30___07:20___06:00___07.20___14:15___07:00___10:40___08.45___16.00___05.45___08:45___14:50___20:25___17:30___14:20	16:50___19.05	-0.986818088	2
http://en.wikipedia.org/wiki/NWA_Mid-America_Heavyweight_Championship		Title history	2	Date:	NLT April 1958___NLT July 1971___NLT June 1972___NLT October 1974___January 1975___April 1975___1975___NLT September 1975___NLT December 1975___NLT March 1976___NLT June 1976___September 1976___October 1976___NLT November 1976___January 1977___NLT February 1979___December 1979___February 1980___NLT February 1980___NLT April 1980___May 1980___July 1982___NLT December 17, 1984___August 1985___September 1985"	1975___NLT April 1958	-0.988902328	2
http://it.wikipedia.org/wiki/Audi_100		Motorizzazioni dal 1979	0	Modello	1.8 (75 Cv)___1.8___1.9___2.0___2.0 cat.___2.0 16V cat.___2.1___2.1i___2.2___2.2 Turbo cat. quattro___2.2 Turbo 20V cat. quattro S4___2.8 V6 cat.___4.2 V8 cat. quattro S4___2.0 Diesel___2.0 Turbodiesel 87___2.0 Turbodiesel 101___2.5 TDI___2.5 TDI cat.	1.8___2.2 Turbo cat. quattro	-0.987405653	2
http://es.wikipedia.org/wiki/Torneo_Clausura_2012_(M%C3%A9xico)		Torneo regular	5	Hora	17:00___19:00___19:00___20:45___20:45___21.00___12:00 L/14:00 C___12:00	17:00___21.00	-0.986818088	2
http://en.wikipedia.org/wiki/Kate_Asabuki		Selected filmography	3	Release date	August 16, 1983___May 21, 1984___1985___1986___1986"	"August 16, 1983___1985"	-0.989205099	2
http://pl.wikipedia.org/wiki/Formu%C5%82a_1_-_Grand_Prix_Bahrajnu_2008		Wyniki	4	Q1	1:31.937___1:32.750___1:32.652___1:33.057___1:33.137___1:32.493___1:32.903___1:32.793___1:32.947___Q1	1:31.937___Q1	-0.986700372	2
http://en.wikipedia.org/wiki/2008_Honda_Grand_Prix_of_St._Petersburg		Race	5	Time/Retired	+3.5192___+5.5134___+8.8575___+9.6360___+10.0071___+11.2871___+12.8493___+14.3598___+16.7298___+20.8319___+24.7800___+45.8601___+1 Lap___+1 Lap___+1 Lap___+2 Laps___Accident___Collision___Collision___Collision___Mechanical___Accident___Mechanical___Mechanical___	+3.5192___Accident	-0.987370149	2
http://nl.wikipedia.org/wiki/Lijst_van_gemeentelijke_monumenten_in_Veur			1	Bouwjaar	1913___1913___1913___1913___1914___1913___1914___1912___1912___1912___1912___1908___1905___1896___1896___1923___1923___1923___1913___1914___1914___1934___1913,1935___1913,1935___1913,1935___1913,1935___1913,1935___1913,1935___1913,1935___1913,1935___1913,1935___1913,1935___1913,1935___1895___1895___1918___1932___1915___1915___1910___1940___1940___1940___1940___1940___1940___1940___1940___1940___1940___1940___1940___1940___1940___1940___1906___1906___1851___1851___1929___1929___1929___1929___1929___1929___1929___1929___1929___1929___1929___1929___1929___1929___1929___1929___1929___1929___1929___1929___1929___1929___1929___1929___1929___1929___1929___1929___1929___1929___1929___1929___1929___1940___1940___1940___1940___1940___1940___1940___1940___1940___1940___1940___1940___1940___1940___1940___1940___1919___1919___1919___1919___1919___1919___1919___1919___1919___1919___1919___1919___1919___1919___1919___1919___1919___1919___1919___1919___1919___1919___1919___1919___1919___1919___1919___1919___circa1600___circa1600___1892___1898___1898___1930___1913,1935___1913,1935___1913,1935___1913,1935___1913,1935___1913,1935___1913,1935___1913,1935___1913,1935___1913,1935___1913,1935___1913,1935___1913,1935___1913,1935___1913,1935___1913,1935___1913,1935___1913,1935___1913,1935___1913,1935___1913,1935___1913,1935___1913,1935___1913,1935___1913,1935___1913,1935___1913,1935___1913,1935___1913,1935___1913,1935___1913,1935___1913,1935___1913,1935___1919___1908___1923______1928___1933___1922___1925___1925___1880___begin 20e eeuw___1924,1925___1924,1925___1924,1925___1924,1925___1926___1929___1929___1929___1929"	"1913,1935___circa1600"	-0.988853996	2
http://nl.wikipedia.org/wiki/Waterboys		Discografie	1	Datum van verschijnen	1984___25-09-2000___09-06-2003___22-04-2011	1984___25-09-2000	-0.986584959	2
http://en.m.wikipedia.org/wiki/List_of_coupled_cousins		AristocracyEdit	2	Married	4 June 1550___Wanstead Park, Essex, 21 September 1578_________Raby Castle, County Durham, before 18 October 1424______7 October 1388___10 April 1364_________27 September 1397___1426____________12 January 1411___15 November 1516___1539_________Hertford House, Canon Row, London, c. 27 November 1560___Durham House, London, 21 May 1553___3 August 1865___6 August 1829___Rome, 1622___10 September 1853___before 16 November 1327___St George's, Hanover Square, London, 13 January 1819___4 July 1845"	1426___before 16 November 1327	-0.987154057	2
http://tr.wikipedia.org/wiki/Manyetik_so%C4%9Futma	Room temperature magnetic refrigerators	Çalışmalar	2	Announcement date	May 2000___Summer 2000___July 2001___September 18, 2001___23 April 2002___October 5, 2002___April 2003___July 2004___2004"	"September 18, 2001___2004"	-0.989205099	2
http://en.wikipedia.org/wiki/List_of_AMD_Phenom_microprocessors?tag=nikeschuhe.biz-21		Desktop processors	10	Release Date	June 1, 2009___November 4, 2009___January 25, 2010___September 21, 2010___December 7, 2010___May 3, 2011___October 2009___October 2009___May 11, 2010___2011___2011"	"June 1, 2009___2011"	-0.989205099	2
http://en.wikipedia.org/wiki/List_of_organ_transplant_donors_and_recipients		Notable first procedures	5	Date of transplant	October 30, 1960___1963___1963___1968___September 23, 1998___November 27, 2005"	"October 30, 1960___1963"	-0.989205099	2
http://en.wikipedia.org/wiki/List_of_Billboard_number-one_rap_singles_of_the_1980s_and_1990s		Number-one singles	2	Reached number one	1989___1989___1989___1989___1989___1989___1989___December 30, 1989___January 20, 1990___March 17, 1990___April 21, 1990___May 5, 1990___May 26, 1990___June 9, 1990___June 30, 1990___July 21, 1990___August 18, 1990___August 25, 1990___September 1, 1990___September 29, 1990___October 6, 1990___October 20, 1990___October 27, 1990___December 8, 1990___December 22, 1990___January 12, 1991___February 9, 1991___March 2, 1991___March 23, 1991___April 13, 1991___April 27, 1991___May 11, 1991___May 18, 1991___May 25, 1991___June 22, 1991___July 6, 1991___July 13, 1991___July 27, 1991___August 10, 1991___August 24, 1991___September 7, 1991___September 14, 1991___October 12, 1991___October 19, 1991___November 9, 1991___November 30, 1991___December 7, 1991___December 21, 1991___January 4, 1992___January 18, 1992___February 22, 1992___March 7, 1992___March 14, 1992___March 28, 1992___April 4, 1992___April 11, 1992___April 18, 1992___May 23, 1992___May 30, 1992___June 20, 1992___June 27, 1992___July 18, 1992___July 25, 1992___August 15, 1992___August 22, 1992___August 29, 1992___September 19, 1992___October 10, 1992___October 17, 1992___October 24, 1992___October 31, 1992___November 7, 1992___November 14, 1992___November 28, 1992___December 19, 1992___December 26, 1992___January 9, 1993___January 23, 1993___February 6, 1993___February 27, 1993___February 27, 1993___April 3, 1993___April 17, 1993___April 24, 1993___May 1, 1993___May 15, 1993___May 22, 1993___May 29, 1993___June 19, 1993___July 3, 1993___July 10, 1993___July 17, 1993___July 31, 1993___August 7, 1993___August 28, 1993___September 4, 1993___September 11, 1993___September 25, 1993___October 2, 1993___October 9, 1993___October 16, 1993___October 23, 1993___October 30, 1993___November 6, 1993___November 13, 1993___November 20, 1993___December 25, 1993___January 15, 1994___February 26, 1994___March 12, 1994___March 26, 1994___May 7, 1994___May 28, 1994___June 18, 1994___September 3, 1994___September 10, 1994___October 8, 1994___October 15, 1994___December 24, 1994___January 28, 1995___March 11, 1995___March 18, 1995___March 25, 1995___April 1, 1995___April 15, 1995___April 22, 1995___April 29, 1995___May 13, 1995___June 24, 1995___August 26, 1995___September 2, 1995___November 18, 1995___November 25, 1995___January 20, 1996___February 24, 1996___March 16, 1996___February 24, 1996___May 11, 1996___May 11, 1996___August 3, 1996___August 31, 1996___September 28, 1996___October 12, 1996___October 26, 1996___November 2, 1996___November 9, 1996___November 16, 1996___January 18, 1997___February 1, 1997___April 26, 1997___June 14, 1997___August 9, 1997___September 6, 1997___November 1, 1997___December 13, 1997___January 24, 1998___January 31, 1998___February 21, 1998___February 28, 1998___March 14, 1998___April 11, 1998___May 9, 1998___June 6, 1998___June 13, 1998___June 20, 1998___June 27, 1998___August 1, 1998___October 10, 1998___October 24, 1998___October 31, 1998___November 14, 1998___December 12, 1998___December 19, 1998___February 13, 1999___March 6, 1999___March 27, 1999___May 1, 1999___June 26, 1999___July 24, 1999___August 14, 1999___September 11, 1999___September 25, 1999___October 23, 1999___November 20, 1999___November 27, 1999"	"1989___December 30, 1989"	-0.989205099	2
http://en.wikipedia.org/wiki/Bronzewing_Gold_Mine		Production	0	Year	1998-99___2000___2001___2002 1___2010-11___2011-12___July - December 2012	2000___July - December 2012	-0.986700372	2
http://en.wikipedia.org/wiki/Buena_Vista_School_District_(Michigan)		History	2	end	June 1978___1985___July 1995___November 2000___June 2001___March 2003___August 2003___June 2007___August 2011___August 2012___July 30, 2013"	"1985___July 30, 2013"	-0.989205099	2
http://en.wikipedia.org/wiki/Irwin_the_Disco_Duck		Record list	1	Year	1977___1977___1977___1978___1978___1979___January 4, 1980___December 10, 1980"	"1977___January 4, 1980"	-0.989205099	2
http://es.wikipedia.org/wiki/Anexo:%C3%81reas_naturales_protegidas_de_Entre_R%C3%ADos		Sistema Provincial de Áreas Protegidas	4	Fecha de creación	17 de julio de 2001___julio de 2000___19 de julio de 1995___noviembre de 2005___2001______1993___noviembre de 2005___2001___2000___Declarado: 2006 Inaugurado:2011___1997___1969___1996___1997___1983___1 de junio de 1989___1996___16 de junio de 2009___19 de abril de 2011___28 de junio de 2005___2003___16 de junio de 2009___16 de junio de 2009___2003___2010___2010	2001___julio de 2000	-0.988902328	2
http://zh.wikipedia.org/wiki/Om_Shanti_Om		影片音樂舞蹈	2	時間	4:30___5.54___5.08___5.29___6.13___7.07___4.36___4.48___6.06___6.18___0.58	4:30___5.54	-0.986818088	2
http://it.wikipedia.org/wiki/Partito_Repubblicano_Italiano		Risultati elettorali	2	Voti	120.000 ca___1.003.007	-0.986709309	2
http://ru.wikipedia.org/wiki/7_Seconds_(%D0%BF%D0%B5%D1%81%D0%BD%D1%8F)		Сертификаты	2	Date	October 28, 1994___1994___2004"	"October 28, 1994___1994"	-0.989205099	2
http://en.wikipedia.org/wiki/Guangzhou		International relations	3	Date	December 8, 1981___November 5, 1982___March 27, 1985___May 12, 1986___November 12, 1986___January 19, 1988___April 11, 1988___February 17, 1989___October 25, 1996___November 24, 1997___July 17, 2000___May 23, 2001___July 10, 2002___October 27, 2004___2010___December 21, 2005___October 12, 2006___December 4, 2006___February 27, 2007___October 22, 2007___December 2, 2008___November 13, 2009___November 18, 2010___April 16, 2012___April 18, 2012___April 25, 2012___July 6, 2012___August 24, 2012"	"December 8, 1981___2010"	-0.989205099	2
http://vi.wikipedia.org/wiki/Danh_s%C3%A1ch_c%C3%A1c_tr%C6%B0%E1%BB%9Dng_%C4%91%E1%BA%A1i_h%E1%BB%8Dc_v%C3%A0_cao_%C4%91%E1%BA%B3ng_t%E1%BA%A1i_H%C3%A0_N%E1%BB%99i		"Các trường đại học, viện đại học, đại học, và học viện"	2	Ngày thành lập	15/10/1956___15/5/1946___2/12/2005___15/5/2004___1988___29/9/1961___14/11/2007___2006___1994___24/03/1962___1959___28/02/2008___1945___1945___17/9/1969___6/1996___1974___11/9/2007___25/11/1956___31/1/2005___10/11/1979___1956___1966______27/10/1924___1955___15/10/1960___05/02/2008___1956___1945___1994___15/10/2002___17/12/1980___1951___5/5/2003___1970___27/5/2009___10/10/2007___1959___1960___26/3/1959___8/8/1966___1902___26/4/2001___1982___16/1/1962___20/5/1963___1997___1945___29/5/1959___17/02/1995___28/10/1966___1961___17/6/1959___3/4/2006___1963___1949___02/02/2005___1993___25/6/1946___15/5/1968___16/07/1964___20/7/1967___18/2/1957___21/9/1976___15/4/1945___23/3/2010___2006___2006	15/10/1956___1988	-0.987608049	2
http://nl.wikipedia.org/wiki/Lijst_van_rijksmonumenten_in_Maastricht/Vrijthof			2	Bouwjaar	eerste kwart 19e eeuw___18e eeuw___17e eeuw___1883___eerste helft 18e eeuw___eerste helft 18e eeuw___18e eeuw___18e eeuw___19e eeuw___19e eeuw___17e eeuw e.v.___18e eeuw___18e eeuw___18e eeuw___18e eeuw___17e eeuw___17e eeuw___18e eeuw___18e eeuw___1905___1931___1920-1921	1883___eerste helft 18e eeuw	-0.987338353	2
http://el.wikipedia.org/wiki/%CE%95%CE%B8%CE%BD%CE%B9%CE%BA%CE%AE_%CE%95%CE%BB%CE%BB%CE%AC%CE%B4%CE%BF%CF%82_(%CF%80%CE%BF%CE%B4%CF%8C%CF%83%CF%86%CE%B1%CE%B9%CF%81%CE%BF_%CE%B1%CE%BD%CF%84%CF%81%CF%8E%CE%BD)		Παίκτες	2	Ημερ. Γέννησης	26/07/1961___1913___03/04/1990___23/11/1946___22/01/1942	26/07/1961___1913	-0.987608049	2
http://en.wikipedia.org/wiki/Exeter_City_F.C.		Management	2	Until	31 December 1922___1 November 1927___1 February 1929___30 September 1935___31 May 1939___1 March 1952___31 March 1953___1953___30 April 1957___1 January 1958___31 May 1960___30 April 1962___1 February 1963___31 January 1965___1 June 1966___30 April 1967___21 December 1976___5 January 1979___1 June, 1983___14 May 1984___30 April 1985___11 December 1987___8 May 1988___20 January 1994___9 January 2000___24 September 2001___6 October 2002___25 February 2003___24 May 2003___7 October 2004"	"1953___1 June, 1983"	-0.987154057	2
http://en.wikipedia.org/wiki/Beyond_Survival		Episodes	2	Date	September 3, 2010___September 10, 2010___September 17, 2010___September 24, 2010___October 1, 2010___October 8, 2010___October 15, 2010___October 22, 2010___2010"	"September 3, 2010___2010"	-0.989205099	2
http://en.wikipedia.org/wiki/Vices_(Dead_Poetic_album)		Track listing	2	Length	3:27___3:36___3:00___4.00___3:20___2:54___4:13___4:01___4:23___2:40___3:33___2:45___5:35	3:27___4.00	-0.986818088	2
http://fr.wikipedia.org/wiki/Boissise-le-Roi_(Seine-et-Marne)	Liste des maires successifs	Politique et administration	0	Date dՎlection	janvier 1817-1821___1821-avril 1836___avril 1836-1848___1865-1892___1892-1897___1897___1900___1897-1907___1912___1919___1920___1921___1923___x octobre 1931___1936-1940___1940___1945 - 1959___1959 - 1995___1995 - 2008___2008 - en cours	1897___x octobre 1931	-0.988902328	2
http://en.wikipedia.org/wiki/Get_Ready!		Chart performance	0	Date	March 14, 1992___March, 1992___1992___April 25, 1992"	"March 14, 1992___1992"	-0.989205099	2
http://de.wikipedia.org/wiki/EHF-Pokal_1982/83		1. Runde	1	Rückspiel	w/o___35:24___12:52___25:22___31:20	35:24___w/o	-0.986779184	2
http://de.wikipedia.org/wiki/Melanie_Oudin		Turniersiege	3	Kategorie	ITF $50.000___ITF $50.000___ITF $50.000___WTA International___ITF $50.000	ITF $50.000___WTA International	-0.992605098	2
http://en.wikipedia.org/wiki/International_membership_of_Ukraine			1	Ukraine’s accession	March 28, 1947___December 8, 1991___April 13, 1992___September 3, 1992___1993___July 7, 2000___May 27, 2004___February 8, 1994___January 1, 1995___November 9, 1995___May 31, 1996___May 29, 1997___October 10, 1997___1998___May 1, 1999___April 2, 2001___May 2002___September 19, 2003___November 13, 2004___December 2, 2005___June 5, 2006___September 29, 2006___November 17, 2006___May 16, 2008_______________"	"March 28, 1947___1993"	-0.989205099	2
http://en.wikipedia.org/wiki/Estradasphere		Discography	1	Release Date	September 18, 2001___2001___October 28, 2003___March 9, 2004___September 19, 2006___2007___February, 2008"	"September 18, 2001___2001"	-0.989205099	2
http://fr.wikipedia.org/wiki/Liste_des_ministres_allemands_charg%C3%A9s_des_affaires_%C3%A9trang%C3%A8res		République démocratique allemande	2	Parti	07/1953___1965___03/03/1975___12/04/1990___20/08/1990___02/10/1990	1965___03/03/1975	-0.987608049	2
http://es.wikipedia.org/wiki/Anexo:Pr%C3%ADncipes_de_Transilvania		Listado de los Príncipes	2	Inicio	12 de diciembre de 1589___1602___3 de noviembre de 1599___5 de octubre de 1600___17 de julio de 1603___29 de diciembre de 1606___5 de marzo de 1608___22 de octubre de 1613___15 de noviembre de 1629___21 de septiembre de 1630___26 de noviembre de 1630___11 de octubre de 1648___25 de octubre de 1657___9 de enero de 1658___30 de marzo de 1659___31 de diciembre de 1660___22 de enero de 1662___15 de abril de 1690___1701___25 de octubre de 1690___febrero de 1711	1602___febrero de 1711	-0.988902328	2
http://en.wikipedia.org/wiki/Chaplain_of_the_United_States_Coast_Guard		U.S. Coast Guard Chaplains	3	Term ended	1986___1989___1992___1995___1998___2002___2006___June 11, 2010"	"1986___June 11, 2010"	-0.989205099	2
http://en.wikipedia.org/wiki/List_of_Speakers_of_the_Minnesota_House_of_Representatives		State	2	Took office	1859___1861___1863___1864___1864?___1866___1867___1869___1870___1872___1875___1877___1878___1881___1885___1887___1889___1891___1893___1895___1897___1899___1901___1903___1905___1907___1909___1911___1913___1915___January 1917___January 1919___January 1925___January 1931___January 1933___January 1935___January 1937___January 1939___January 4, 1949___January 6, 1955___January 5, 1959___January 7, 1963___January 1971___January 1973___January 1979___January 1981___January 1985___January 1987___June 1987___January 6, 1992___September 1993___January 1997___January 1999___January 2007___January 4, 2011___January 8, 2013"	"1859___January 4, 1949"	-0.989205099	2
http://en.wikipedia.org/wiki/Eleventh_Doctor_comic_stories		Comics	4	Release Date	February 2011___March 2011___April 2011___April - July 2011___May 2011___July - August 2011___July 2011___2011___2011___2011___2011___September 2011___October - November 2011___December 2011	2011___April - July 2011	-0.986700372	2
http://en.wikipedia.org/wiki/Edgar_Allan_Poe_bibliography		Poetry	1	Date	July 1827___July 1827___July 1827___July 1827___July 1827___July 1827___July 1827___July 1827___July 1827___September 15, 1827___circa 1827___1829___circa 1829___1829___1829___1829___1829___1829___1829___1829___1831___1831___1831___1831___1831___1831___February 2, 1833___May 18, 1833___October 26, 1833___April 20, 1833___January 1834___April 1835___circa 1836___1836___March 1836___January 1837___April 1839___January 4, 1840___February 28, 1843___January 1843___February 1843___1844___June 1844___April 26, 1845___July 1845___January 23, 1845___January 29, 1845___October 1845___December 1847___1848___March 1848___March 1848___November 1848___March 31, 1849___April 21, 1849___April 28, 1849___July 7, 1849"	"September 15, 1827___1829"	-0.989205099	2
http://hr.wikipedia.org/wiki/Olimpijski_stadion_u_Berlinu		Poznati događaji	1	Vrijeme (CET)	21:00___16:00___18:00___17:00___20.00	21:00___20.00	-0.986818088	2
http://fr.wikipedia.org/wiki/Passage_du_Nord-Ouest	Le Passage du Nord-Ouest à la voile	Traversées à la voile	0	Années	1940-1942-1944___1977 (une saison)___1976-1978___1979-1982___1982-1988___1983-1988___1988-1989___1990___1993___1995___1995___1999___2001___2001-2002___2002___2002___2003___2007___2008___2008___2009___2009___2009___2009___2009___2010___2010___2011	1940-1942-1944___1990	-0.986584959	2
http://de.wikipedia.org/wiki/EHF-Pokal_1993/94		2. Runde	1	Rückspiel	26:22___28:11___22:25___21:16___25:22___19:17___o/w	26:22___o/w	-0.986779184	2
http://en.wikipedia.org/wiki/Horror_Channel	Television	Programmes	3	Start date	6 December 2010___2004___1 October 2011___17 January 2011___1 January 2011___April 25, 2011"	"2004___April 25, 2011"	-0.989205099	2
http://en.wikipedia.org/wiki/Green_(R.E.M._album)		Release history	1	Date	November 8, 1988___November 8, 1988___November 11, 1988___December 10, 1988___1988___1988___1988___1988___1988___1988___1988___1995___2005"	"November 8, 1988___1988"	-0.989205099	2
http://en.wikipedia.org/wiki/Liferay		Version release	0	Version	6.1.2 GA3___6.1.30 GA3___6.1.1 GA2___6.1.20 GA2___6.1.10 GA1___6.1.0 GA1___6.0.12 SP2___6.0.6___6.0.11 SP1___5.2 SP5___6.0.10___6.0.5___6.0.4___6.0.3___6.0.2___5.2 SP4___6.0.1___5.1 SP5___6.0.0___5.2 SP3___5.2 SP2___5.1 SP4___5.2 SP1___5.1 SP3___5.2___5.2.3___5.1 SP2___5.2.2___5.1 SP1___5.2.1___5.2.0___5.1 SP___5.1.2___5.1.1___5.1.0___5.0.1 RC___5.0.0 RC	6.0.6___5.1 SP	-0.986709309	2
http://fr.wikipedia.org/wiki/AS_Cannes_Volley-Ball		Effectifs	2	Taille	1,98___1,90___x,xx___1,97___x,xx___x,xx___1,94___2,00___1,94___1,84___1,92___1,88___1,96"	"1,98___x,xx"	-0.986709309	2
http://nl.wikipedia.org/wiki/Lenny_Kravitz		Discografie	1	Datum van verschijnen	1991___1993___1995___1998___2001___2004___2008___19-08-2011	1991___19-08-2011	-0.986584959	2
http://en.m.wikipedia.org/wiki/Phantom_Power_(Super_Furry_Animals_album)		ReleaseEdit	4	Catalogue	5123751___BXL 035 CD	5123751___BXL 035 CD	-0.988078379	1
"http://en.wikipedia.org/wiki/Patricia_Morison_chronology_of_stage,_film,_and_television_credits"		Credits	2	Date	1941___1941___1942___1942___1942___August 22, 1942___1943___1943___1943___1943___1943___1943___April 20, 1944___1945___1945___1946___1946___1946___1947___1947___1947___1947___1948___1948___December 30, 1948___February 22, 1949___April 10, 1949___September 23, 1950"	"1941___August 22, 1942"	-0.989205099	2
http://es.wikipedia.org/wiki/Edgar_Ospina		Clubes	2	Años	1999___2000___2000___2003___2004___2004___2005___2007___2007___2008___2008___2008-2009___2010___2010 -2012___2013___2013.	1999___2013.	-0.993322761	2
http://en.wikipedia.org/wiki/The_Stranger_(album)		Issues	1	Release Date	1977___06/03/1982___07/08/08___1990___1990___10/20/1998___07/31/2001___07/08/08___07/08/08___2012	1977___06/03/1982	-0.987608049	2
http://en.wikipedia.org/wiki/Democratic_Republic_of_the_Congo_records_in_athletics		Outdoor	1	Record	20.40 (+0.2 m/s)___31.95___44.10___1:50.39___3:42.02___7:57.52___13:49.69___28:57.28___29:02___58:53___1:03:27___1:35:00___2:07:30___13.95 (+1.0 m/s)___54.55___8:41.92___2.16 m___4.20 m___7.64 m___16.21 m___15.05 m___44.84 m___60.76 m___5719 pts (ht)___1:44:59___42.67___3:20.4	29:02___2.16 m	-0.988881968	2
http://pt.wikipedia.org/wiki/S%C3%A3o_Paulo_Indy_300_de_2010		Resultados	5	Tempo	+1.8581___+9.7094___+10.4235___+10.8883___+11.3473___+12.0579___+12.1654___+12.7411___+13.4850___+13.9193___+16.9039___+19.6451___+1:24.9191___+1 Volta___+3 Voltas___Abandonou___Abandonou___Abandonou___Abandonou___Abandonou___Abandonou___Abandonou___Abandonou	+1.8581___Abandonou	-0.987370149	2
http://en.wikipedia.org/wiki/Index_of_MS-DOS_games_(A)		Index of MS-DOS games	1	Released	1989___1993___1988___1992___1993___1989___1991___1997___1991___1992___1995___1995___1996___1990___1987___1987___1987___1994___1992___1993___1987___1998___1995___1995___1989___1989___1995___1991___1995___1997___1997___1991___1987___1992___1983___1988___1992___1993___1994___1992___1997___1991___1994___1994___1984___1989___1989___1997___1989___1991___1984___1996___1996___1993___1987___1988___1992___1992___1996___1995___1990___1996___1992___1987___1997___1988___1996___1993___1993___1987___1989___1982___1995___1990___1994___1996___1994-11-02___1987___1996___1995___1994___1995___1994___1997___1997___1995___1989___1995-12-31___1994___1989___1989___1994___1984___1989___1994___1992___1994___1995___1995___1997___1990___1985___1994___1991___1990___1990___1986___1988___1991___1983___1989___1984___1992___1993___1992___1994___1993___1986___1992___1991___1985-08-14___1986___1997___1997___1995___1987___1993___1998___1984___1987___1993___1994___1998___1989___1993___1993___1982___1994___1992___1995___1990___1996___1986___1996___1988___1987___1991___1995___1992___1996___1995___1993___1995___1988___1989___1982___1991___1992___1994___1997-04-04___1990___1983___1994___1991___1985___1995___1994___1991___1994___1993___1988___1989___1997___1996___1995___1991___1993___1991___1994___1998___1992___1989___1985___1993___1996___1989___1989___1994___1995___1993___1996___1997___1996___1987___1989___2000___1982___1994___1988___1987___1992___1988___1997___1995___1990___1990___1992___1982___1982___1990___1993___1989___1988___1995___1992___1995___1993___1989___1988___1998___1996	1989___1994-11-02	-0.986584959	2
http://en.wikipedia.org/wiki/Sandra_Kleinov%C3%A1		ITF finals	2	Date	1995___February 21, 1999___December 19, 1999___July 28, 2002___September 22, 2002___October 13, 2002___January 30, 2005___October 9, 2005"	"1995___February 21, 1999"	-0.989205099	2
http://en.wikipedia.org/wiki/Police_Technology_Department		Directors	1	From	2001___October 1, 2004"	"2001___October 1, 2004"	-0.989205099	2
http://en.wikipedia.org/wiki/Greek_records_in_athletics		Outdoor	1	Record	19.85 (-0.5 m/s)___45.11___1:45.00___3:36.74___7:44.26___13:28.59___28:07.17___29:47___1:03:04___1:18:57___2:12:04___3:14:25___3:21:43___303.506 km___13.34 (+1.4 m/s)___47.82___8:24.01___2.36 m___5.82 m___8.66 m (+1.6 m/s)___17.55 m (+0.8 m/s)___20.74 m___63.18 m___80.45 m___91.69 m___8069 pts___39:37.65___1:24:25.5___1:21:12___4:00:15.5___3:49:56___38.61___3:02.21	29:47___303.506 km	-0.988881968	2
http://it.wikipedia.org/wiki/Germanicus_maximus		Età imperiale	2	anno/i	269___271/272___276___277___298___298___nel 328 o 329 e 332___tra 328 e 332	269___tra 328 e 332	-0.987154057	2
http://zh.wikipedia.org/zh-cn/NVIDIA%E9%A1%AF%E7%A4%BA%E6%A0%B8%E5%BF%83%E5%88%97%E8%A1%A8		产品列表	4	存储器容量（MB） | 比特	128/256/512___128/256___128/256___128/256___256___256___512___128/256/512___128/256/512___256/512	128/256/512___256	-0.987608049	1
http://en.wikipedia.org/wiki/Four_wall_paddleball		Champions	0	Year	1963___1964___1965___1966___1967___1968___1969___1970___1971___1972___1973___1974___1975___1976___1977___1978___1979___1980___1981___1982___1983.___1984___1985___1986___1987___1988___1989___1990___1991___1992___1993___1994___1995___1996___1997___1998___1999___2000___2001___2002___2003___2004___2005___2006___2007___2008___2009	1963___1983.	-0.993322761	2
http://en.m.wikipedia.org/wiki/Works_by_Thomas_Aquinas		List of worksEdit	1	Date	1248-52 (under Albert Magnus)___by 1251___c. 1255___1252-1256___1256___1252-1256___1256 (?)___1256-1259___1256-1259 or 1269-1272___1260___c. 1260___by 1261___c. 1261___1262___1261-1263___1263___1264___1264___1261-1264___1263ff.___by 1266___1267___1267___by 1268___1259-1268___1259-1268___c. 1268___c. 1268___c. 1268___c. 1268___c. 1268___by 1269___1266-1269___1269___by 1270___1270___1270___1270___1270___1270___1270___1268-1271___1270-1271___1271___1271___1270-1271___c. 1271___c. 1271___1256-1259 or 1269-1272___1269-1272___1269-1272___1269-1272___1269-1272___1269-1272___1269-1272___1269-1272___1269-1272___1269-1271, 1269-1272 or 1272-1273___1269-1272___1270-1272___1271-1272___1271-1272___1256-1259, 1269-1272___1265-1273___1259-1265 and 1272-1273 (?)___1272-1273___1272-1273___1272-1273___1273___1269-1272 or 1273___c. 1273 (?)___1274"	"1256___1269-1271, 1269-1272 or 1272-1273"	-0.986718378	1
http://en.wikipedia.org/wiki/Melvins_discography		Albums and extended plays	0	Date of Release	1991___1992___1992___1992___August 25, 2007___January 2010___13 July 2010___September 2010___March 2012___September 2012___July 2013"	"1991___August 25, 2007"	-0.989205099	2
http://pl.wikipedia.org/wiki/Mistrzostwa_%C5%9Awiata_Junior%C3%B3w_M%C5%82odszych_w_Lekkoatletyce_2005		Rezultaty	2	Srebro:	22,99 CR___51,19 CR___2:07,42___4:12,29 CR___9:01,61 CR___13,23 WYL___55,96 CR___22:14,47 CR___2:03,93 WYL___1,87___4,30 CR___6,39 PB___13,81___16,33 WYL___54,09___62,27___56,66___5875 CR"	"1,87___5875 CR"	-0.992665702	2
http://en.wikipedia.org/wiki/Super_Bowl_XLIV		Statistics	1	C/ATT*	9___5___2___1___1___7___7___6___4___2___3___1___2___7/0/7___6/1/7___5/1/6___4/0/4___4/0/4___3/0/3___3/1/4___3/1/4___2/0/2___2/1/3___2/0/2___2/1/1___1/0/1___1/0/1	9___7/0/7	-0.987608049	2
http://en.wikipedia.org/wiki/J%C4%81nis_Pauk%C5%A1tello		Filmography	3	Release date (flag: country specific)	1986___1988___December 1991___November 21, 1996___2001___March 4, 2004___2005"	"1986___November 21, 1996"	-0.989205099	2
http://fr.wikipedia.org/wiki/John_Bromwich		Palmarès (partiel)	1	Nom et lieu du tournoi	19/01/1946___1950	19/01/1946___1950	-0.987608049	2
http://nl.wikipedia.org/wiki/Zucchero		Discografie	1	Datum van verschijnen	2001___2001___04-10-2010	2001___04-10-2010	-0.986584959	2
http://en.wikipedia.org/wiki/Macedonian_records_in_athletics		Outdoor	1	Record	21.80 (0.0 m/s)___35.88___46.27___1:47.14___2:32.08___3:48.50___5:21.81___8:35.55___14:06.52___31:26.55___48:06.3 (ht)___17241 m+___1:09:28.6 (ht)___2:25:06___14.46___27.4 (ht)___39.37___55.11___6:47.92___9:10.4___2.10 m___3.90 m___7.15 m___15.46 m___16.66 m #___50.62 m #___47.82 m___76.50 m___5896 pts___26:33.4 (ht)___56:10.4 (ht)___42.7 (ht)___1:35.0___3:22.81	17241 m+___2.10 m	-0.986731595	2
http://en.wikipedia.org/wiki/1962_FIFA_World_Cup_qualification_(UEFA_%E2%80%93_Group_2)		Team stats	2	DoB	December 8, 1933___September 28, 1934___May 14, 1935___December 13, 1937___May 11, 1936___August 27, 1938___November 1, 1930___June 4, 1934___September 10, 1936___August 4, 1925___January 6, 1935___December 21, 1931___May 24, 1932___August 8, 1940___August 12, 1941___1938___November 12, 1942"	"December 8, 1933___1938"	-0.989205099	2
http://en.wikipedia.org/wiki/List_of_New_York_Undercover_episodes		Season 4 (1998)	5	Original air date	January 15, 1998___January 22, 1998___January 29, 1998___February 12, 1998___March 12, 1998___March 19, 1998___March 26, 1998___May 28, 1998___June 4, 1998___June 11, 1998___June 25, 1998___1999"	"January 15, 1998___1999"	-0.989205099	2
http://de.wikipedia.org/wiki/EHF-Pokal_1982/83		2. Runde	1	Rückspiel	22:27___20:23___25:18___23:17___o/w___29:24___23:32	22:27___o/w	-0.986779184	2
http://ja.wikipedia.org/wiki/%E3%82%B9%E3%83%AA%E3%83%BC%E3%83%97%E3%83%AC%E3%82%B9%E3%83%8A%E3%82%A4%E3%83%88		競走成績	0	年月日	2008___2009.	2008___2009.	-0.993322761	2
http://en.wikipedia.org/wiki/List_of_World_War_II_ships		I	4	First commissioned	1 April 1908___25 May 1940___17 April 1934___28 August 1944___1 October 1928___3 May 1944___commissioned 14 January 1943______30 April 1942___15 November 1932___10 October 1941______19 July 1941___16 August 1943___22 February 1943___30 November 1942___1917___18 March 1901___25 September 1900___15 August 1923	commissioned 14 January 1943___1917	-0.987154057	2
http://en.wikipedia.org/wiki/Dirty_Jobs		DVD releases	3	Release	January 28, 2008___2008___April 6, 2010___2011___September 4, 2007___February 5, 2008___August 26, 2008___February 24, 2009___January 26, 2010___September 7, 2010___May 3, 2011___August 7, 2012___February 23, 2010___May 15, 2012"	"January 28, 2008___2008"	-0.989205099	2
http://nl.wikipedia.org/wiki/Milow_(zanger)		Discografie	1	Datum van verschijnen	2008___2009___2009___2010___21-02-2011___30-05-2011	2008___21-02-2011	-0.986584959	2
http://de.wikipedia.org/wiki/Fu%C3%9Fball-Oberliga_1954/55		Südwest	6	Tore	80:38___82:51___79:38___70:45___60:39___57:52___47:66___43:56___37:50___45:59___47:76___43.75___51:64___45:70___31:92	80:38___43.75	-0.986818088	2
http://ko.wikipedia.org/wiki/%EC%84%B1%EB%82%A8_%EC%9D%BC%ED%99%94_%EC%B2%9C%EB%A7%88		감독 연혁	3	사임	1996___1998/09/08___2004/12/01___2005-2008___2010-2012___	1996___1998/09/08	-0.987608049	2
http://en.wikipedia.org/wiki/2012_IIHF_World_Championship_Division_I		Group B Tournament	5	Sv%	91.89___91:33___87.59___85.52	91.89___91:33	-0.986818088	2
http://en.wikipedia.org/wiki/Senoko_Power_Station		Description	1	Commission date	June 1983 November 1983___1994___February 2002 July 2004 December 2004	June 1983 November 1983___1994	-0.987154057	2
http://en.wikipedia.org/wiki/Melissa_%26_Joey		International distribution	2	Premiere	October 4, 2011___December 23, 2011___December 10, 2012___January 21, 2012___October 6, 2011___April 9, 2012___September 5, 2011___October 6, 2011___September 2, 2012___April 2, 2012 2011___2012___2011___2011___2011"	"October 4, 2011___2012"	-0.989205099	2
http://en.wikipedia.org/wiki/Google_tv		Version history	1	Firmware Version	3.1 update___3.2___3.2___3.2___3.2___3.2___4.6.0___3.2___3.2___5.3	4.6.0___3.1 update	-0.986709309	2
http://en.wikipedia.org/wiki/Provaci_ancora_prof		Episodes	3	Finale	May 7, 2007___November 6, 2008___March 13, 2012___October 17, 2013___2015"	"May 7, 2007___2015"	-0.989205099	2
http://en.wikipedia.org/wiki/Assistant_Secretary_of_State_for_Diplomatic_Security		"Assistant Secretaries of State for Diplomatic Security, 1985—Present"	1	Assumed Office	August 9, 1989___September 23, 1992___January 5, 1996___August 11, 1998___November 18, 2002___2005___2007___July 7, 2008"	"August 9, 1989___2005"	-0.989205099	2
http://fr.wikipedia.org/wiki/Liste_des_ministres_allemands_charg%C3%A9s_des_affaires_%C3%A9trang%C3%A8res		République démocratique allemande	1	Dates du mandat	15/01/1953___07/1953___1965___03/03/1975___12/04/1990___20/08/1990	15/01/1953___1965	-0.987608049	2
http://en.wikipedia.org/wiki/List_of_Speakers_of_the_Minnesota_House_of_Representatives		State	3	Left office	1861___1862___1863___1864___1865___1866___1868___1869___1871___1874___1876___1877___1879___1885___1887___1889___1891___1893___1895___1897___1899___1901___1903___1905___1907___1909___1911___1913___1915___1917___January 1919___January 1925___January 1931___January 1933___January 1935___January 1937___January 1939___January 1949___January 6, 1955___January 5, 1959___January 7, 1963___January 1971___January 1973___January 1979___January 1980___January 1985___January 1987___June 1987___January 6, 1992___September 15, 1993___January 1997___January 1999___January 2007___January 2011___January 8, 2013___"	"1861___January 6, 1955"	-0.989205099	2
http://nl.wikipedia.org/wiki/N%C3%A2diya		Discografie	1	Datum van verschijnen	2000___2001___2004___19-6-2006___30-10-2006___12-10-2007	2000___19-6-2006	-0.986584959	2
http://es.wikipedia.org/wiki/Compa%C3%B1%C3%ADa_de_los_Ferrocarriles_Andaluces		Líneas bajo explotación	3	Inauguración de la línea	1865.___1874___1874___?___1899	1865.___1874	-0.993322761	2
http://en.wikipedia.org/wiki/Quanteisha		Discography	2	Release date	January 1, 2009___March 30, 2009___December 15, 2009___2010"	"January 1, 2009___2010"	-0.989205099	2
http://es.m.wikipedia.org/wiki/Radio_Agricultura		EslogansEdit	0	Período	1989___1998-2001___2001-2005___agosto de 2005___2005-2008___Octubre 2008-2012___2012-Presente	1989___agosto de 2005	-0.988902328	2
http://en.wikipedia.org/wiki/List_of_Sites_of_Special_Scientific_Interest_in_Devon		Sites	5	Map/Refs	1952___1988___1997___1976___1952___1976___1954___1989___1987___1952___1952___1974___1989___1952___1952___2000___1992___1976___1974___1989___1963___1974___1992___1993___1952___1988___1989___1991___1988___1986___1986___1964___1976___1964___1994___1976___1991___1976___1988___2002___1992___1976___1997___1964___1974___1987___1988___1988___1999___1995___1988___1974___1952___1985___1965___1991___1985___1987___1983___1986___1991___1988___1976___1952___1985___1976___1952___1994___1986___1985___1974___1974___1952___1969___1987___1989___1988___1981___1952___1992___1999___1972?___1952___1974___1981___1952___1990___1998___1976___1969___1986___1983___1952___1986___1952___1952___1952___1952___1974___1986___1987___1987___22/10/86___24/10/86___8/02/89___11/10/88___19/01/90___14/07/89___18/08/89___30/04/85___26/11/84___31/01/86___11/09/84___3/09/87___5/02/86___6/01/86___11/05/90___1/06/90___31/03/93___20/11/87___17/01/86___26/01/90___25/01/96___17/09/97___28/07/89___8/01/86___25/06/85___7/01/86___27/02/96___31/01/89___15/05/92___29/06/88___12/01/90___24/01/92___16/08/90___11/02/86___11/11/91___6/01/86___17/08/84___9/08/91___12/02/85___29/11/91___28/09/97___7/07/89___21/02/86___22/05/86___17/10/86___17/01/86___20/07/90___31/07/84___24/03/95___24/06/88___24/01/92___7/05/99___17/09/86___15/03/96___31/10/86___17/01/86___19/01/90___6/02/87___1/01/85___14/03/86___21/11/86___21/11/86___5/09/86___31/07/86___9/08/85___11/02/04___31/10/91___26/08/88___31/01/89___26/06/92___11/12/84___31/03/95___1/02/88___1/09/87___14/09/90___9/08/85___26/04/91___26/09/86___10/01/86___30/04/85___5/01/84___27/03/91___19/12/88___21/01/85___2/10/92___11/10/88___13/11/84___1/05/97___31/03/89___14/05/85___30/03/90___31/07/91___3/06/86___18/03/86___8/11/84___4/03/86___9/08/85___1/05/85___12/11/90___6/12/91___21/10/91___24/08/87___18/11/87___19/06/84___10/05/85___21/03/90___30/08/96___29/09/97	1952___22/10/86	-0.987608049	2
http://it.wikipedia.org/wiki/Lista_di_euroregioni			2	Nascita	18/07/2007___1978___1978___1998___1993___?___2003___?___1948___2000___2002___1980___1995___1993___1977___?___1992___1997___2001___?___?___1992___1977___1958___21/10/2004___1996___2008___1999___?___1998___1995___1997___2000___1972___1998___1997___1976___1991___1997___1971___1992___1980___1995___1999___1998___1993___?___1973___1978___1995___1993___1989___1998___2002___1992___1994___1987___1995___1998___1997___1998___2000___1998	18/07/2007___1978	-0.987608049	2
http://fr.wikipedia.org/wiki/Americana_(album)		Certifications	3	Date	1999___16/05/2001___26/02/1999	1999___16/05/2001	-0.987608049	2
http://fr.wikipedia.org/wiki/Canton_du_Croisic	Liste des conseillers généraux successifs	Administration	0	Période	1976___198.___1994___2002	1976___198.	-0.993322761	2
http://en.wikipedia.org/wiki/Scooby-Doo?tag=kidsbeddingset.net-20		Scooby-Doo filmography	2	Release date	November 1987___February 1988___November 1988___September 3, 1994___1998___1999___October 31, 2001"	"September 3, 1994___1998"	-0.989205099	2
http://en.wikipedia.org/wiki/List_of_consorts_of_Brunswick-L%C3%BCneburg		Countess of Brunswick	3	Birth	before 1025___1058___before 1080___1148/49___December 1193/January 1194___end of 1228	1058___end of 1228	-0.988902328	2
http://nl.wikipedia.org/wiki/Lijst_van_rijksmonumenten_in_Haamstede			2	Bouwjaar	eerste kwart 16e eeuw (herbouwd)___1837___ca. 1840___ca. 1840___ca. 1840___na 1468______Neolithicum, Bronstijd, IJzertijd/Romeinse tijd en Middeleeuwen___ca. 1941___ca. 1941___13e eeuw (oorsprong)___tweede kwart 20e eeuw___17e/18e/19e eeuw"	1837___tweede kwart 20e eeuw	-0.987338353	2
